Label,Question
0,How many seashells did she give to Sam ?
0,How many bales did he store in the barn ?
0,How many cups does she need to add ?
0,How many walnut trees did the workers plant today ?
0,how many did he pick ?
0,How many roses did she cut ?
0,How many football games did Joan go to in all ?
1,How many yellow balloons do they have in total ?
0,How many walnut trees will the park have when the workers are finished ?
0,How many dimes does Sam have now ?
0,How many puppies did she have to start with ?
1,How many pencils are now there in total ?
1,How many seashells did they find together ?
1,How many carrots did they grow in total ?
1,How many apples were picked in total ?
1,How many seashells did they find together ?
0,How many kittens did he have to start with ?
1,How many blue balloons do they have in total ?
0,How many dimes does Melanie have now ?
1,How many plums were picked in total ?
0,How many dogwood trees will the park have when the workers are finished ?
1,How many onions did they grow in all ?
1,How many blue marbles do they have in all ?
1,How many seashells did they find together ?
1,How many watermelons did they grow in total ?
1,How many rulers are now there in all ?
1,How many books do they have together ?
0,How many quarters does he have now ?
1,How many seashells did they find together ?
1,How many red balloons do they have in total ?
1,How many oranges were picked in total ?
0,How many basketball games did Fred go to in total ?
1,How many pencils are now there in total ?
0,How many nickels does he have now ?
1,How many turnips did they grow in total ?
0,How many walnut trees will the park have when the workers are finished ?
0,How many quarters does she have now ?
1,How many pencils are now there in total ?
1,How many books do they have together ?
1,How many blue balloons do they have in total ?
1,How many cantelopes did they grow in total ?
0,How many football games did Sam go to in all ?
1,How many seashells did they find together ?
0,How many dogwood trees will the park have when the workers are finished ?
1,How many books do they have together ?
1,How many pears were picked in total ?
1,How many cantelopes did they grow in total ?
0,How many dimes does Melanie have now ?
1,How many blue balloons do they have in all ?
1,How many pencils are now there in total ?
0,How many maple trees did the workers plant today ?
0,How many seashells did he give to Jessica ?
0,how many did she pick ?
0,how much did he spent on the baseball gear ? .
0,How many roses did she cut ?
0,How much money did he make washing cars ?
1,How many potatoes did they grow in total ?
1,How many crayons are now there in total ?
0,How many oak trees will the park have when the workers are finished ?
0,How many unbroken seashells did Tom find ?
1,How many lemons were picked in total ?
1,How many cakes were served today ?
0,How many orange balloons does Joan have now ?
0,How many dimes does Fred have now ?
0,How many kittens does she have now ?
0,How many dogwood trees will the park have when the workers are finished ?
1,How many pencils are now there in total ?
0,How many seashells does he now have ?
1,How many books do they have together ?
0,How many baseball cards does Mike have now ?
1,How many pumpkins did they grow in total ?
0,How many violet marbles does he now have ?
0,How many popular trees will the park have when the workers are finished ?
1,How many scissors are now there in all ?
1,How many pears were picked in all ?
0,How many pennies does he have now ?
0,How many seashells does she now have ?
1,How many books do they have together ?
1,How many oranges were picked in total ?
1,How many turnips did they grow in all ?
0,How many Pokemon cards does Jason have now ?
1,How many pencils are now there in all ?
0,How many Pokemon cards does Jason have now ?
0,How many orange marbles does he now have ?
0,How many dimes does she have now ?
0,How many orchid bushes will the park have when the workers are finished ?
0,How many watermelons does Sam have ?
0,How many Pokemon cards did he have to start with ?
0,How many nickels does Mary have now ?
1,How many turnips did they grow in all ?
1,How many yellow marbles do they have in all ?
1,How many carrots did they grow in all ?
0,How many seashells does he now have ?
0,How many baseball cards does Fred have now ?
0,How many potatoes does Mary now have ?
0,How many quarters does Jessica have now ?
1,How many hamburgers were over from lunch ?
1,How many crayons are there now ?
0,How many limes does Dan have now ?
0,How many blue balloons does Joan have now ?
0,How many apples does Joan have now ?
0,How many baseball cards does Fred have now ?
0,How many seashells does he now have ?
0,How many books does Joan now have ?
1,How many rulers are now in the drawer ?
0,How many oak trees will be in the park when the workers are finished ?
0,How much did Joan spend on video games ?
0,How much did Mike spend at the music store ?
0,In total how much did Alyssa spend on toys ? .
0,What was the total cost of Jessica 's purchases ?
1,What was the total of the lunch bill ?
0,In total how much money did Jason spend on clothing ? .
0,In total how much money did Alyssa spend ? .
0,In total how much money did she spend ? .
0,How much money did Sandy spend on clothes ?
0,In total how much did Mike spend on toys ? .
0,In all how many ear muffs do the customers buy ? .
1,In all how many liters of oil leaked into the water ? .
1,How many cars is that in all ?
1,How many yen do they have ?
0,How many books do the libraries in Oak Grove have overall ?
0,How many houses are there now in Lincoln County ?
0,How many bushels of wheat does the farmer harvest ?
1,How much money was in the account before the transfer ?
0,How many acres does the prairie cover ?
1,How many ladybugs are there in all ?
0,How many new people began living in the country last year ?
0,How many employees work for the corporation ?
0,How many salmon made the trip ?
0,How many houses did developers build during the housing boom ?
0,How many blood cells were in the second sample ?
1,how many pounds of fresh fruit have been sold so far ? .
0,how much is it worth now ? .
1,how many tickets did they sell in the second half ? .
0,How many more bacteria are there now ?
1,how many eggs did they use in the afternoon ? .
1,How many coats were collected at the elementary schools ?
0,how many gallons of blue paint did the company use ? .
0,how many of its customers live in other countries ? .
1,How many gallons of oil leaked while the engineers were fixing the pipe ?
1,how many grams of strawberry jelly do they have ? .
1,How many inches of the road had they repaved before today ?
0,How many more algae plants are in Milford Lake now ?
0,How many cups of nuts did Karen put in the trail mix in all ?
0,How far did Kendall drive in all ?
0,How much more pie did Erik eat than Frank ?
0,How much more did the tailor cut off the skirt than the pants ?
0,How much farther did Darnel sprint than jog ?
0,How much longer was the first fish ?
0,How many pounds of peppers did Hannah 's Vegetarian Restaurant buy in all ?
1,Together how much dog food do the 2 dogs eat each day ? .
0,How much water is in the bucket ?
0,Altogether what fraction of their budget does the Montoya family spend on food ? .
0,What fraction of the students received either A 's or B 's ?
0,how much oil will be in the measuring cup ? .
0,How much more flour than sugar did Dina use ?
0,How many buckets of fish does the polar bear eat daily ?
0,How much farther did Jenny run than walk ?
0,What fraction of the students in the band are in either trumpet section or the trombone section ?
0,How much longer was the longer worm ?
0,How many pounds of fruit did Scarlett use in all ?
0,How much longer is Vince 's bus ride than Zachary 's ?
1,How much milk did they drink in all ?
0,How much hair did she have cut off in all ?
0,What fraction of the apartments are either 1 - two-bedroom apartments ?
0,How much taller was Miki 's sandcastle than her sister 's ?
0,How much more baking powder did Kelly have yesterday ?
0,How many more acres did Greg harvest than Sharon ?
0,What fraction of the nails are either size 2d or 4d.
0,How much more brown sugar did Victor use ?
0,How much farther did Eve run than walk ?
0,How many cups of raisins did Jonah add in all ?
0,How much extra food is needed to feed the second cat ?
1,What was the total amount of snowfall ?
0,How many bags of flour did the bakery use in all ?
0,How much water had leaked out of the bucket ?
0,How many miles did Irwin 's family hike in all ?
0,Altogether how many bottles of mustard does the waitress find ? .
,How many leftover tarts did the restaurant have in all ?
,How many miles did Trisha walk in all ?
,How many pounds of trail mix did Brandy make ?
,How many cartons of ice cream did Allie have in all ?
,How many tons of marble did Paco 's Countertop Company purchase in all ?
,How many centimeters of rain did the class record in all ?
,How many miles did Spencer walk in all ?
,How many tons of material did the company order in all ?
,How many light-years did the spaceship travel in all ?
,How many total centimeters of snow did Logan record ?
,How many cups of ingredients did Ellen use for the smoothies ?
,How many pitchers of lemonade did Jonah pour in all ?
,How many miles did Heather walk in all ?
,How many truck-loads of material were needed in all ?
,What was the total weight of the plastic rings ?
,How many cups of liquid did Kenny use in all ?
,How much farther did Craig ride than walk ?
,How much more does the chemistry textbook weigh than the geometry textbook ?
,How much cement did Roadster 's Paving Company use in all ?
,How much water did Sam pour into the pool ?
,How many laps did Kyle jog in all ?
,how many gallons will there be in all ? .
,How much soda did they drink in all ?
,How much more did the piece of iron weigh than the piece of aluminum ?
,How far did the fault line move in all ?
,How many pages worth of people did Rosa call in all ?
,How much taller was Janet 's sandcastle than her sister 's ?
,How much longer was the green caterpillar than the orange caterpillar ?
,How many pints did they eat in all ?
,How many buckets of seeds did the farmer sow ?
,How much taller is the new lamp than the old lamp ?
,How much longer was the white line than the blue line ?
,how many gallons will there be in all ? .
,How much farther did Wendy run than walk ?
,How long is the piece of wood now ?
,How many pounds of snacks did she buy in all ?
,How much did it rain in April ?
,what will the scale read ?
,How much honey remains ?
,How much did it rain on Tuesday ?
,How much did it snow on Monday and Tuesday combined ?
,How much pepper does Brennan have ?
,How many tons of material did the company buy in all ?
,How much did it rain on Saturday and Sunday combined ?
,How much sugar is remaining ?
,How much fruit is left ?
,How many kilograms of nuts did the chef buy in all ?
,How much did the 2 pumpkins weigh all together ?
,How much sand does the truck have when it arrives at the yard ?
,How tall is Tori now ?
,How long is the piece of wood now ?
,How many seashells does Jason now have ?
,How many carrots did they grow in all ?
,How many green marbles does Dan now have ?
,How many books do they have together ?
,How many watermelons did they grow in total ?
,How many seashells does Benny now have ?
,How many crayons are now there in total ?
,How many nickels does he have now ?
,How many baseball cards does Dan have now ?
,How many short trees will the park have when the workers are finished ?
,How many limes were picked in all ?
,How many Pokemon cards does Joan have now ?
,How many black marbles does Sara now have ?
,How many baseball games did Joan miss ?
,How many short trees will the park have when the workers are finished ?
,How many hamburgers were over ?
,How many plums does she have now ?
,How many football games did Keith go to in total ?
,How many pencils are there now ?
,How many violet balloons does Jason have now ?
,How many potatoes does Dan now have ?
,How many dimes does Sara have now ?
,How many puppies does she now have ?
,How many unbroken seashells did Mike find ?
,How many watermelons does Jessica have ?
,How many seashells does Nancy now have ?
,How many green marbles does Joan now have ?
,How many walnut trees will be in the park when the workers are finished ?
,How many nickels does she have now ?
,How many pencils are now in the drawer ?
,In total how much money did Sally spend ? .
,What was the total cost of Dan 's purchases ?
,How much did Dan spend at the music store ?
,In total how much did Tom spend on toys ? .
,What was the total of the lunch bill ?
,In total how much did Mike spend on car parts ? .
,How much did Tom spend on video games ?
,In total how much money did Joan spend on clothing ? .
,How much did Joan spend at the music store ?
,How much did Melanie spend on video games ?
,What was the total cost of Keith 's purchases ?
,In total how much did Joan spend on toys ? .
,How much money did she have before buying the pie ?
,How many bales did he store in the barn ?
,How many cups of flour does she need to add ?
,How many short trees did the workers plant today ?
,how many did she pick ?
,How many seashells did she give to Alyssa ?
,How many pencils are now there in total ?
,How many green marbles do they have in total ?
,How many watermelons did they grow in total ?
,How many maple trees will the park have when the workers are finished ?
,How many pears were picked in total ?
,How many nickels does Tim have now ?
,How many slices of pie were served today ?
,How many hockey games did Tom go to in all ?
,How many puppies did he have to start with ?
,How many apples were picked in total ?
,How many dogwood trees will the park have when the workers are finished ?
,How many kittens did he have to start with ?
,How many crayons are now there in total ?
,How many nickels does Sally have now ?
,How many games will she attend in all ?
,How many seashells did they find together ?
,How many yellow balloons do they have in total ?
,How many pies were served in total ?
,How many seashells did they find together ?
,How many dimes does he have now ?
,How many scissors are now there in total ?
,How many blue balloons do they have in all ?
,How many orchid bushes will the park have when the workers are finished ?
,How many oranges were picked in all ?
,How many watermelons did they grow in total ?
,How many basketball games did Mike go to in total ?
,How many pennies does Melanie have now ?
,How many pumpkins did they grow in all ?
,How many baseball cards does Mary have now ?
,How many soccer games will Alyssa go to in all ?
,How many erasers are now there in total ?
,How many orchid bushes will the park have when the workers are finished ?
,How many seashells did they find together ?
,How many limes were picked in total ?
,how much did he spent on the baseball gear ? .
,How many maple trees did the workers plant today ?
,how many did he pick ?
,How many books did she buy at the yard sale ?
,How many red orchids did she cut ?
,How much money did Tim make washing cars ?
,How many seashells did she give to Tim ?
,How many bales did he store in the barn ?
,How many cups of flour does she need to add ?
,How many pears were picked in total ?
,How many orange balloons does Sally have now ?
,How many carrots did they grow in all ?
,How many scissors are now there in total ?
,How many kittens does she now have ?
,How many dimes does Sam have now ?
,How many hot dogs were served today ?
,How many short trees will the park have when the workers are finished ?
,How many pennies does she have now ?
,How many plums were picked in all ?
,How many short bushes will the park have when the workers are finished ?
,how many pieces do they have left ? .
,how many good games did he end up with ? .
,how many extra fruits did the cafeteria end up with ? .
,how many extra flowers did Lana pick ? .
,how many bad carrots did they have ? .
,how many pictures from her vacation did she still have ? .
,How many pictures does she still have to color ?
,how many shirts did he not wash ? .
,how many shirts did he not wash ? .
,How many pastries did she sell ?
,how many pictures from her vacation did she still have ? .
,how many extra flowers did Katie pick ? .
,how many problems did she have to do for homework ? .
,how many files were still on her flash drive ? .
,how many good games did he end up with ? .
,How many points did she have at the end of the game ?
,how many bad carrots did they have ? .
,How many pastries did she sell ?
,how many good games did he end up with ? .
,How much money does he have now ?
,how many pictures from her vacation did she still have ? .
,how many shirts did he not wash ? .
,How many cats do they have left ?
,how many bad carrots did they have ? .
,how many students did n't make the cut ? .
,How many cats do they have left ?
,How many pastries did she sell ?
,How many points did she have at the end of the game ?
,How many pictures does she still have to color ?
,how many pieces do they have left ? .
,how many bad carrots did they have ? .
,how many students did n't make the cut ? .
,How much money does he have now ?
,how many shirts did he not wash ? .
,how many good games did he end up with ? .
,how many new books did he buy ? .
,how many files were still on her flash drive ? .
,How much money does he have now ?
,How many points did she have at the end of the game ?
,how many problems did she have to do for homework ? .
,how many extra did the cafeteria end up with ? .
,how many shirts did he not wash ? .
,how many pictures from her vacation did she still have ? .
,how many bad carrots did they have ? .
,How many cats do they have left ?
,how many new books did he buy ? .
,how many files were still on her flash drive ? .
,How much money does he have now ?
,How many points did she have at the end of the game ?
,how many problems did she have to do for homework ? .
,how many extra did the cafeteria end up with ? .
,how many shirts did he not wash ? .
,how many pictures from her vacation did she still have ? .
,how many bad carrots did they have ? .
,How many cats do they have left ?
,how many extra flowers did Janet pick ? .
,How many pictures does she still have to color ?
,how many extra did the cafeteria end up with ? .
,how much money did he end up with ? .
,How many cats do they have left ?
,How much money does he have now ?
,how many students did n't make the cut ? .
,How many pastries did she sell ?
,how many new books did he buy ? .
,how many pictures from her vacation did she still have ? .
,how many extra did the cafeteria end up with ? .
,how many towels did Maria end up with ? .
,how many bad carrots did they have ? .
,how many customers did leave a tip ? .
,how many shirts did he not wash ? .
,how many files were still on her flash drive ? .
,how much money did he end up with ? .
,how many extra did the cafeteria end up with ? .
,how many extra flowers did Bianca pick ? .
,how many pictures from her vacation did she still have ? .
,how many pieces do they have left ? .
,How many cats do they have left ?
,how many students did n't make the cut ? .
,how many towels did Maria end up with ? .
,How many cats do they have left ?
,how many customers did leave a tip ? .
,How many pictures does she still have to color ?
,how many pieces do they have left ? .
,how many good games did he end up with ? .
,How many pastries did she sell ?
,how many extra did the cafeteria end up with ? .
,how many tickets does Jerry have left ? .
,How much money does he have now ?
,how many cupcakes would she have ? .
,How many pieces of candy does Faye have now ?
,how many books would Kaleb have ? .
,How many students were in fourth grade at the end ?
,how much money would he have ? .
,how many roses would she have ? .
,how many worksheets would she have to grade ? .
,how many customers would he have ? .
,how many worksheets would she have to grade ? .
,how many songs does she have on her mp3 player ? .
,how many carrots would she have total ? .
,how many oranges would be in the bin ? .
,How many students were in fourth grade at the end ?
,how many cupcakes would she have ? .
,how much money does he have now ? .
,how many lives would she have ? .
,how many people would be in line ? .
,how many customers would he have ? .
,how many people would be in line ? .
,how many would she have total ? .
,how many songs does she have on her mp3 player ? .
,how many worksheets would she have to grade ? .
,how many lives would she have ? .
,how many books would be in the bin ? .
,how many tickets would he have ? .
,how many cupcakes would she have ? .
,how many would she have total ? .
,how many songs does she have on her mp3 player ? .
,how many tickets would he have ? .
,how many oranges would be in the bin ? .
,how many books would Adam have ? .
,how many people would be in line ? .
,how many apples would they have ? .
,how many socks would he have ? .
,how many lives would she have ? .
,How many pieces of candy does Haley have now ?
,how many apples would they have ? .
,how many worksheets would she have to grade ? .
,How many students were in fourth grade at the end ?
,how many oranges would be in the bin ? .
,how many tickets would he have ? .
,how many carrots would she have total ? .
,how many bottles would she have ? .
,how many worksheets would she have to grade ? .
,how many people would be in line ? .
,how many coloring books would she have total ? .
,how many tickets would he have ? .
,how many songs does she have on her mp3 player ? .
,how many lives would she have ? .
,how many carrots would she have total ? .
,how much money would he have ? .
,how many apples would they have ? .
,how many lives would she have ? .
,how many carrots would she have total ? .
,how many songs does she have on her mp3 player ? .
,How many students were in fourth grade at the end ?
,how many carrots would she have total ? .
,how many bottles would she have ? .
,how many songs does she have on her mp3 player ? .
,how many oranges would be in the bin ? .
,how many cupcakes would she have ? .
,how much money does he have now ? .
,how many lives would she have ? .
,how many would she have total ? .
,how many apples would they have ? .
,how many people would be in line ?
,how many songs does she have on her mp3 player ? .
,how many customers would he have ? .
,How many students were in fourth grade at the end ?
,how many socks would he have ? .
,how many would be in the bin ?
,how many would he have ? .
,How many students were in fourth grade at the end ?
,how many carrots would she have total ? .
,how many books would Roger have ? .
,how many roses would she have ? .
,how many lives would she have ? .
,how much money does he have now ? .
,how many cupcakes would she have ? .
,How many games did they win ?
,how many did he pick ? .
,How many roses did she cut ?
,How many football games did Joan go to in all ?
,How many walnut trees will the park have when the workers are finished ?
,How many dimes does Sam have now ?
,How many puppies did she have to start with ?
,How many pizzas were served today ?
,How many pencils are now there in total ?
,How many seashells did they find together ?
,How many carrots did they grow in total ?
,How many apples were picked in total ?
,How many seashells did they find together ?
,How many kittens did he have to start with ?
,How many blue balloons do they have in total ?
,How many dimes does Melanie have now ?
,How many cakes were served in total ?
,How many onions did they grow in all ?
,How many seashells did they find together ?
,How many books do they have together ?
,How many quarters does he have now ?
,How many walnut trees will the park have when the workers are finished ?
,How many pencils are now there in total ?
,How many blue balloons do they have in total ?
,How many football games did Sam go to in all ?
,How many seashells did they find together ?
,How many dogwood trees will the park have when the workers are finished ?
,How many cantelopes did they grow in total ?
,How many dimes does Melanie have now ?
,How many cards does Sally have now ?
,How many football games will he attend in all ?
,How many books did he buy at the yard sale ?
,How many more cups does she need to add ?
,How many maple trees did the workers plant today ?
,How many seashells did he give to Jessica ?
,how many did she pick ? .
,How many roses did she cut ?
,How much money did he make washing cars ?
,How many bales did he store in the barn ?
,How many potatoes did they grow in total ?
,How many crayons are now there in total ?
,How many oak trees will the park have when the workers are finished ?
,How many unbroken seashells did Tom find ?
,How many lemons were picked in total ?
,How many cakes were served today ?
,How many dimes does Fred have now ?
,How many kittens does she have now ?
,How many pencils are now there in total ?
,How many baseball games did Benny miss ?
,How many books do they have together ?
,How many baseball cards does Mike have now ?
,How many books do they have together ?
,How many popular trees will the park have when the workers are finished ?
,How many pears were picked in all ?
,How many pennies does he have now ?
,How many seashells does she now have ?
,How many soccer games did Melanie miss ?
,How many books do they have together ?
,How many oranges were picked in total ?
,How many quarters does she have now ?
,How many baseball games did Fred miss ?
,How many turnips did they grow in all ?
,How many Pokemon cards does Jason have now ?
,How many walnut trees will the park have when the workers are finished ?
,How many green balloons does he now have ?
,How many Pokemon cards does Jason have now ?
,How many orange marbles does he now have ?
,How many dimes does she have now ?
,How many rose bushes will the park have when the workers are finished ?
,How many pears were picked in total ?
,How many watermelons does Sam have left ?
,How many nickels does Mary have now ?
,How many turnips did they grow in all ?
,How many yellow marbles do they have in all ?
,How many carrots did they grow in all ?
,How many seashells does he now have ?
,How many baseball cards does Fred have now ?
,How many potatoes does Mary now have ?
,How many soccer games did Jessica go to in all ?
,How many quarters does Jessica have now ?
,How many hamburgers were left over from lunch ?
,How many crayons are there now ?
,How many limes does Dan have now ?
,How many unbroken seashells did Dan find ?
,How many blue balloons does Joan have now ?
,How many apples does Joan have now ?
,How many hockey games did Alyssa miss ?
,How many violet balloons does he now have ?
,How many seashells does he now have ?
,How many pumpkins does Sara have left ?
,How many books does Joan now have ?
,How many rulers are now in the drawer ?
,How many oak trees will be in the park when the workers are finished ?
,How much did Joan spend on video games ?
,How much did Mike spend at the music store ?
,In total how much did Alyssa spend on toys ? .
,What was the total cost of Jessica 's purchases ?
,What was the total of the lunch bill ?
,In total how much money did Jason spend on clothing ? .
,In total how much money did Alyssa spend ? .
,In total how much money did she spend ? .
,How much money did Sandy spend on clothes ?
,How much did Jason spend at the music store ?
,How much did Tom spend on video games ?
,In total how much did Mike spend on toys ? .
,How much money did Sandy get in change ?
,How much change did Joan receive ?
,How much change did he receive from the purchase ?
,How many tons of cargo does the ship hold now ?
,In all how many ear muffs do the customers buy ? .
,How many pounds of honey did Diane harvest this year ?
,In all how many liters of oil leaked into the water ? .
,How many cars is that in all ?
,How many yen do they have ?
,How many houses are there now in Lincoln County ?
,How many bushels of wheat does the farmer harvest ?
,How much money was in the account before the transfer ?
,In all how many passengers landed in Newberg last year ? .
,How many acres does the prairie cover ?
,How many ladybugs are there in all ?
,How many new people began living in the country last year ?
,How many tons of grain did the ship originally contain ?
,How many yards of silk did it dye for that order ?
,How many employees work for the corporation ?
,How many salmon made the trip ?
,How many bathing suits are available overall ?
,How many blood cells were in the second sample ?
,how many pounds of fresh fruit have been sold so far ? .
,How much more money does Jonathan need to buy all three books ?
,How much money does Tanner have left ?
,How many stickers does Mika have left ?
,How many coins did Kylie have left ?
,How many more plates should Justin buy ?
,How many stickers does Luke have left ?
,How many more cupcakes should Priya buy ?
,How many more cartons of berries should Maria buy ?
,How many yellow marbles do they have in all ?
,How many more tickets should Zach buy ?
,How many more cupcakes should Randy buy ?
,How much longer is Oscar 's bus ride than Charlie 's ?
,How many cups of nuts did Karen put in the trail mix in all ?
,How far did Kendall drive in all ?
,How much more pie did Erik eat than Frank ?
,How much more did the tailor cut off the skirt than the pants ?
,What fraction of the garments are either bikinis or trunks .
,How much farther did Darnel sprint than jog ?
,How much longer was the first fish ?
,How many pounds of peppers did Hannah 's Vegetarian Restaurant buy in all ?
,Together how much dog food do the two dogs eat each day ? .
,How much water is left in the bucket ?
,How much more cinnamon than nutmeg did Mandy use ?
,Altogether what fraction of their budget does the Montoya family spend on food ? .
,What fraction of the students received either A 's or B 's ?
,how much oil will be in the measuring cup ? .
,How many loaves were served in all ?
,How much farther did Stanley run than walk ?
,How much more flour than sugar did Dina use ?
,How many buckets of fish does the polar bear eat daily ?
,How much farther did Jenny run than walk ?
,What fraction of the students in the band are in either trumpet section or the trombone section ?
,How much longer was the longer worm ?
,How much longer is Vince 's bus ride than Zachary 's ?
,How much hair did she have cut off in all ?
,What fraction of the apartments are either 1 - two-bedroom apartments ?
,How much taller was Miki 's sandcastle than her sister 's ?
,How much gas did Michelle use ?
,How much more baking powder did Kelly have yesterday ?
,How many more acres did Greg harvest than Sharon ?
,How much more brown sugar did Victor use ?
,How much farther did Eve run than walk ?
,How many cups of raisins did Jonah add in all ?
,How much extra food is needed to feed the second cat ?
,What was the total amount of snowfall ?
,How many bags of flour did the bakery use in all ?
,How much water had leaked out of the bucket ?
,How many bags of fruit did Charlie pick in total ?
,Altogether how many bottles of mustard does the waitress find ? .
,How many leftover tarts did the restaurant have in all ?
,How many pounds of trail mix did Brandy make ?
,How many cartons of ice cream did Allie have in all ?
,Altogether how many bins would the canned food take up ? .
,How many miles did Nina run in total ?
,How many centimeters of rain did the class record in all ?
,How many miles did Spencer walk in all ?
,How many tons of material did the company order in all ?
,How many gallons of punch did Kendra make ?
,How many light-years did the spaceship travel in all ?
,How many total centimeters of snow did Logan record ?
,How many cups of ingredients did Ellen use for the smoothies ?
,How many pitchers of lemonade did Jonah pour in all ?
,How many miles did Heather walk in all ?
,How many truck-loads of material were needed in all ?
,What was the total weight of the plastic rings ?
,How many cups of liquid did Kenny use in all ?
,How many pounds of peppers did Dale 's Vegetarian Restaurant buy in all ?
,How much farther did Craig ride than walk ?
,How much more does the chemistry textbook weigh than the geometry textbook ?
,How much cement did Roadster 's Paving Company use in all ?
,How much water did Sam pour into the pool ?
,How many laps did Kyle jog in all ?
,how many gallons of water will there be in all ? .
,How much soda did they drink in all ?
,How much more did the piece of iron weigh than the piece of aluminum ?
,How far did the fault line move in all ?
,How many pages worth of people did Rosa call in all ?
,How much taller was Janet 's sandcastle than her sister 's ?
,How much longer was the green caterpillar than the orange caterpillar ?
,How much taller is the new lamp than the old lamp ?
,How much longer was the white line than the blue line ?
,how many gallons will there be in all ? .
,How much farther did Wendy run than walk ?
,How much more did the yellow block weigh than the green block ?
,How far did Terrell hike all together ?
,How long is the piece of wood now ?
,How many pounds of snacks did she buy in all ?
,How many pounds of watermelon did Kevin buy ?
,How much did it rain in April ?
,what will the scale read ?
,How much honey remains ?
,How much did it rain on Tuesday ?
,How much pepper does Brennan have left ?
,How many tons of material did the company buy in all ?
,How much did it rain on Saturday and Sunday combined ?
,How much sugar is left ?
,How much fruit is left ?
,How many kilograms of nuts did the chef buy in all ?
,How much did the two pumpkins weigh all together ?
,How much sand does the truck have when it arrives at the yard ?
,How tall is Tori now ?
,How many legos does Ellen have now ?
,How many more muffins does Arthur have to bake ?
,How many more crayons does Karen have than Cindy ?
,How many peanuts does Kenya have ?
,How many stamps does Minerva have ?
,How many markers does Megan have altogether ?
,How many more DVDs can be put in the book ?
,How many did Carla start with ?
,How many cookies did Paco have left ?
,How many does Kelly need to give away ?
,How many did Connie have to start with ?
,How many markers does Connie have altogether ?
,How many books about sports does Iesha have ?
,How many more balloons does James have than Amy ?
,How many whistles does Charles have ?
,How much change will Adam get ?
,What amount of money did Tony have then ?
,How many people live in Milburg ?
,how many pieces were blue ? .
,How many apples does the farmer have now ?
,How many people were at the second concert ?
,How many fish would Lucy have then ?
,How many more fish does Lucy need to buy ?
,How much money did Chris have before his birthday ?
,How many fleas perished ?
,How many more bags of dog food are there than cat food ?
,how many bottle caps are in the box ? .
,How many Skittles does Brenda end with ?
,How many cards are there total ?
,How many marbles are there total ?
,How many oranges are there total ?
,How many peanuts does Carol have ?
,How many cards are there total ?
,how many bottle caps are in the box ? .
,How many blocks does Bobby have ?
,How many erasers does Peter end with ?
,how many crayons are in the box ? .
,How many blocks does Anna have ?
,how many eggs are in the box ? .
,How many blocks does Wayne have ?
,how many Skittles will Bridget have ? .
,How many cards does Ralph have ?
,How many cards does Martha end with ?
,How many Skittles does Cheryl end with ?
,How many peanuts does Amy end with ?
,How many bananas does Teresa end with ?
,how many pencils will Gloria have ? .
,How many oranges does Mildred have ?
,How many candies does Anna end with ?
,how many peanuts will Martha have ? .
,How many eggs does Mary end with ?
,How many eggs does Shirley end with ?
,How many tickets does William end with ?
,How many apples does Harry end with ?
,How many candies does Barbara have in all ?
,How many pencils does Eugene have in all ?
,How many pencils does Anthony have in all ?
,How many eggs does Andrew end with ?
,How many tickets does Angela have in all ?
,How many apples does Charles have in all ?
,How many bananas does Lisa end with ?
,How many candies does Joseph have in all ?
,How many apples does Janet have in all ?
,How many bottle caps does Nancy end with ?
,How many marbles does Harold have in all ?
,How many bananas are left in the jar ?
,How many pencils are left in the jar ?
,How many apples does Joyce end with ?
,How many bottle caps are left in the jar ?
,How much heavier is Anne than Douglas ?
,How much heavier is Jessica than Thomas ?
,How many apples are left in the jar ?
,How much heavier is Donna than Willie ?
,How many eggs are left in the jar ?
,How many pencils are left ?
,How many crayons does Jane end with ?
,How many candies will Roger have ?
,How many oranges are left ?
,How many erasers does Marie end with ?
,How many oranges are left ?
,How many bananas will Melissa have ?
,How much heavier is John than Roy ?
,How many stickers does Larry end with ?
,How many candies does Patricia end with ?
,How many bottle caps are left ?
,How much heavier is Mildred than Carol ?
,How many bottle caps does Diana end with ?
,How many apples will Ruby have ?
,How many Skittles does Craig end with ?
,How much heavier is Bridget than Martha ?
,How many cards will Brian have ?
,How many crayons will Billy have ?
,How many bottle caps does Pamela end with ?
,How many bottle caps will Katherine have ?
,How many oranges will Melissa have ?
,How many bananas does Norma end with ?
,How many stickers does Willie end with ?
,How many erasers does Aaron end with ?
,How many Skittles will Charles have ?
,How many cards will Norma have ?
,How many Skittles will Pamela have ?
,How many Skittles does Evelyn end with ?
,How many cards does Helen end with ?
,How many apples does Ruth end with ?
,How many blocks will Carlos have ?
,How many blocks does Heather end with ?
,How many peanuts does Ralph end with ?
,How many marbles does Jack end with ?
,How many tickets will Clarence have ?
,How many blocks will Sean have ?
,How many bananas does Tina have in all ?
,How many stickers does Janet have in all ?
,How many apples does Jennifer end with ?
,How many oranges will Heather have ?
,How many oranges does Helen end with ?
,How many bottle caps does William have in all ?
,How many cards will Dorothy have ?
,How many marbles will Sara have ?
,How many cards will Jennifer have ?
,How many blocks does Wanda have in all ?
,How many marbles will William have ?
,How many cards does Larry end with ?
,How many bottle caps does Sarah have in all ?
,How many bottle caps does Marilyn end with ?
,How many bottle caps does William have in all ?
,How many blocks does Carol end with ?
,How many candies does Lillian have ?
,How many bottle caps does William have in all ?
,How many apples are there in the pile ?
,How many apples does Sean have in all ?
,How many candies are there in the pile ?
,How many Skittles does Kimberly have in all ?
,How many oranges does Clarence have in all ?
,How many apples are there in the pile ?
,How many Skittles does Kimberly have in all ?
,How many apples does Annie have in all ?
,How many bananas are there in the pile ?
,How many marbles does Kenneth have in all ?
,How many cards does Aaron end with ?
,How many tickets does Ernest end with ?
,How many crayons does Diane have in all ?
,How many blocks does Ann end with ?
,How many blocks does Martha end with ?
,How many bottle caps does Anne end with ?
,How many marbles does Evelyn have in all ?
,How many bananas does David have in all ?
,How many cards does Emily have ?
,How many apples are left in the box ?
,How many eggs will Bruce have ?
,How many erasers are left in the box ?
,How many erasers are left in the box ?
,How many candies are left in the box ?
,How many Skittles will Brandon have ?
,How many crayons will Theresa have ?
,How many apples will Craig have ?
,How much heavier is Heather than Emily ?
,How much heavier is Heather than Emily ?
,How many blocks does Mildred end with ?
,How many blocks does Mildred end with ?
,How many birds are sitting on the fence ?
,How many more crickets do you need to collect ?
,How many more birds are there than nests ?
,How many owls are on the fence now ?
,How many beavers are still working on their home ?
,How many toucans in all ?
,How many more squirrels are there than nuts ?
,How much did she spend in all for the two toys ?
,How much more snow did Mrs. Hilt 's house have ?
,How much money did she have left ?
,How many balloons did she blow up in all ?
,How many pieces of litter did they pick up altogether ?
,How many gold stars did Carson earn in all ?
,How many students are left on the bus ?
,How many packs of groceries did she buy in all ?
,How many fish did he buy ?
,How many pupils are there in that school ?
,How many candies do they have in all ?
,What is the sum of our popsicle sticks ?
,What is the total number of reading materials she sold ?
,How many birds are on the fence ?
,How many boys went down the slide ?
,How many ducks are swimming in the lake ?
,How many pieces of candy did Bobby eat ?
,How many pet fish does Sandy have now ?
,How many balloons does the clown have now ?
,How many books did our class get from the library ?
,How many apples does Tessa have now ?
,how long will it be ? .
,How many cats does Mrs. Sheridan have altogether ?
,How many fish does she have now ?
,How many does he have left ?
,How many more cookies does Aiyanna have than Alyssa ?
,How many meatballs did Kirsten steal ?
,how much of Isabella 's hair got cut off ? .
,How much hair did she grow ?
,How many pounds did she add ?
,How much did she sharpen off of her pencil ?
,How many more cats does Mrs. Sheridan need ?
,How many more cats does Mrs. Garrett have than Mrs. Sheridan ?
,How many does she have left ?
,How many Valentines did Mrs. Franklin give to her students ?
,How many more red roses does Mrs. Santiago have than Mrs. Garrett ?
,How many birds were there altogether in the tree ?
,How many more flew up to the tree ?
,How many cookies did they have altogether ?
,How many children got on the bus at the bus stop ?
,How many more dollars does she have to earn ?
,How many children were there in all ?
,How many birds were there in all ?
,How many strawberries did he have then ?
,How many more books does Bobby have than Kristi ?
,How many balloons did Tommy have to start with ?
,How many pieces of drawing paper does she have ?
,How many of her leaves blew away ?
,How many baseball cards does Carter have ?
,How many green shirts does Gavin have ?
,How many presents does Alissa have ?
,How many stickers did Pat have at the end of the week ?
,How many more apples does Kelly need to pick ?
,How many pieces did Todd have to start with ?
,How many pencils does Josh have left ?
,How many trucks did Sarah have to start with ?
,How many markers does Megan have altogether ?
,How many did she start with ?
,How many does she need to give away ?
,How many did she have to start with ?
,How many markers does she have altogether ?
,How many books about sports does Iesha have ?
,How many more balloons does James have than Amy ?
,How many whistles does Charles have ?
,How many marbles does Juan have ?
,How many pigs came to join them ?
,How many flowers did Andre give to Rosa ?
,How many did he have to add ?
,How many marbles does he have now ?
,How many more seashells does she need to find ?
,How many more rocks does she need to complete the border ?
,How many miles did they have left to drive ?
,How many more points did Zach score ?
,How much change will he get ?
,how many trees will he have ? .
,How much money is left ?
,How many does Charlie have ?
,How many blocks are left ?
,How many more does Bryan have ?
,How many more fly up to the tree ?
,How many children got on the bus at the bus stop ?
,How many dollars does she have to earn ?
,How many more dollars does she have to earn ?
,How many stickers did James get for his birthday ?
,How many children were on the playground at recess ?
,How many birds were in the marsh ?
,How many strawberries did he have then ?
,How many more muffins does Arthur have to bake ?
,How many peanuts does Kenya have ?
,How many more DVDs can be put in the book ?
,How many does she need to give away so that ?
,How many markers does she have altogether ?
,How many books about sports does Iesha have ?
,How many whistles does Charles have ?
,How much change will he get ?
,How many people live in Milburg ?
,how many were blue ? .
,How many apples does he have now ?
,How many people were at the second concert ?
,how many pies will she have ? .
,How many fish would Lucy have then ?
,How many more fish does she need to buy ?
,How many times did they jump altogether ?
,How many fleas perished ?
,How many more bags of dog food are there than cat food ?
,How many bones did he start with ?
,how many dolls would they have ? .
,How many get well cards did Mariela get ?
,What is the total number of goals Jorge scored ?
,How many pages does he have left to read ?
,What is the total number of egg rolls Omar and Karen rolled ?.
,How many more miles did Beka fly than Jackson ?
,What is the total number of miles Darius and Julia drove ?
,How many pieces of paper does she have left ?
,How many miles had she traveled ?
,How much pizza do you have altogether ?
,How much sugar is that altogether ?
,How much cake is left over after that ?
,How far did you walk altogether ?
,How much more money does he need ?
,How much change will she get ?
,How much farther does John walk than Nina ?
